"search-number","evaluation","evals-requested-so-far","initial-fruit-bushes*","initial-foragers*","bush-growth-chance*","ticks-to-flee*","max-age*","collaboration-bonus*","rate-of-mutation*","random-seed","min-result","max-result","mean-result","stdev-result","final-step-result"
"1","1","500","27","3","58","30","103","4.998654154268712","2.1","""2008329960""","99","100","99.5","0.7071067811865476","99"
"1","2","500","27","3","58","30","103","4.998654154268712","2.1","""1942653748""","99","100","99.5","0.7071067811865476","99"
"1","3","500","27","3","58","30","103","4.998654154268712","2.1","""-1337066976""","99","100","99.5","0.7071067811865476","99"
"1","4","500","27","3","58","30","103","4.998654154268712","2.1","""-1084423674""","99","100","99.5","0.7071067811865476","99"
"1","5","500","27","3","58","30","103","4.998654154268712","2.1","""-780644009""","99","100","99.5","0.7071067811865476","99"
"1","6","500","27","3","58","30","103","4.998654154268712","2.1","""-1252865772""","99","100","99.5","0.7071067811865476","99"
"1","7","500","27","3","58","30","103","4.998654154268712","2.1","""608200473""","99","100","99.5","0.7071067811865476","99"
"1","8","500","27","3","58","30","103","4.998654154268712","2.1","""1167839038""","99","100","99.5","0.7071067811865476","99"
"1","9","500","27","3","58","30","103","4.998654154268712","2.1","""-210420871""","99","100","99.5","0.7071067811865476","99"
"1","10","500","27","3","58","30","103","4.998654154268712","2.1","""-2052199168""","99","100","99.5","0.7071067811865476","99"
"1","11","500","19","26","97","64","186","3.193276874952316","7.2","""2009852127""","99","100","99.5","0.7071067811865476","99"
"1","12","500","19","26","97","64","186","3.193276874952316","7.2","""-1657263764""","99","100","99.5","0.7071067811865476","99"
"1","13","500","19","26","97","64","186","3.193276874952316","7.2","""-247992949""","99","100","99.5","0.7071067811865476","99"
"1","14","500","19","26","97","64","186","3.193276874952316","7.2","""1662227568""","99","100","99.5","0.7071067811865476","99"
"1","15","500","19","26","97","64","186","3.193276874952316","7.2","""-1123354120""","99","100","99.5","0.7071067811865476","99"
"1","16","500","19","26","97","64","186","3.193276874952316","7.2","""-320898233""","99","100","99.5","0.7071067811865476","99"
"1","17","500","19","26","97","64","186","3.193276874952316","7.2","""1175004988""","99.07692307692308","100","99.53846153846155","0.6527139518645031","99.07692307692308"
"1","18","500","19","26","97","64","186","3.193276874952316","7.2","""-1774875443""","99","100","99.5","0.7071067811865476","99"
"1","19","500","19","26","97","64","186","3.193276874952316","7.2","""189070948""","99","100","99.5","0.7071067811865476","99"
"1","20","500","19","26","97","64","186","3.193276874952316","7.2","""-736567049""","99","100","99.5","0.7071067811865476","99"
"1","21","500","23","73","1","54","193","1.5283909361409935","2.9000000000000004","""-214710769""","99","100","99.5","0.7071067811865476","99"
"1","22","500","23","73","1","54","193","1.5283909361409935","2.9000000000000004","""-1268629696""","99","100","99.5","0.7071067811865476","99"
"1","23","500","23","73","1","54","193","1.5283909361409935","2.9000000000000004","""513420106""","99.01369863013699","100","99.5068493150685","0.6974203869237184","99.01369863013699"
"1","24","500","23","73","1","54","193","1.5283909361409935","2.9000000000000004","""416991161""","99.01369863013699","100","99.5068493150685","0.6974203869237184","99.01369863013699"
"1","25","500","23","73","1","54","193","1.5283909361409935","2.9000000000000004","""-1122365347""","99","100","99.5","0.7071067811865476","99"
"1","26","500","23","73","1","54","193","1.5283909361409935","2.9000000000000004","""1501698250""","99.05479452054794","100","99.52739726027397","0.6683612041352309","99.05479452054794"
"1","27","500","23","73","1","54","193","1.5283909361409935","2.9000000000000004","""-183697406""","99.01369863013699","100","99.5068493150685","0.6974203869237184","99.01369863013699"
"1","28","500","23","73","1","54","193","1.5283909361409935","2.9000000000000004","""-893732612""","99.02739726027397","100","99.51369863013699","0.6877339926608892","99.02739726027397"
"1","29","500","23","73","1","54","193","1.5283909361409935","2.9000000000000004","""1938191387""","99.02739726027397","100","99.51369863013699","0.6877339926608892","99.02739726027397"
"1","30","500","23","73","1","54","193","1.5283909361409935","2.9000000000000004","""967082681""","99.01369863013699","100","99.5068493150685","0.6974203869237184","99.01369863013699"
"1","31","500","0","79","42","40","131","2.760512703135729","1.8","""320588705""","99","100","99.5","0.7071067811865476","99"
"1","32","500","0","79","42","40","131","2.760512703135729","1.8","""1627308307""","99.0126582278481","100","99.50632911392405","0.6981560624373468","99.0126582278481"
"1","33","500","0","79","42","40","131","2.760512703135729","1.8","""-788632605""","99","100","99.5","0.7071067811865476","99"
"1","34","500","0","79","42","40","131","2.760512703135729","1.8","""1582469207""","99","100","99.5","0.7071067811865476","99"
"1","35","500","0","79","42","40","131","2.760512703135729","1.8","""-1658811736""","99","100","99.5","0.7071067811865476","99"
"1","36","500","0","79","42","40","131","2.760512703135729","1.8","""-1664722747""","99","100","99.5","0.7071067811865476","99"
"1","37","500","0","79","42","40","131","2.760512703135729","1.8","""-686159729""","99","100","99.5","0.7071067811865476","99"
"1","38","500","0","79","42","40","131","2.760512703135729","1.8","""170407237""","99","100","99.5","0.7071067811865476","99"
"1","39","500","0","79","42","40","131","2.760512703135729","1.8","""-1083753516""","99","100","99.5","0.7071067811865476","99"
"1","40","500","0","79","42","40","131","2.760512703135729","1.8","""-1401261558""","99","100","99.5","0.7071067811865476","99"
"1","41","500","34","11","72","37","190","2.5740383001449607","7.9","""715995263""","99","100","99.5","0.7071067811865476","99"
"1","42","500","34","11","72","37","190","2.5740383001449607","7.9","""-1917803025""","99.0909090909091","100","99.54545454545455","0.6428243465332232","99.0909090909091"
"1","43","500","34","11","72","37","190","2.5740383001449607","7.9","""946396878""","99","100","99.5","0.7071067811865476","99"
"1","44","500","34","11","72","37","190","2.5740383001449607","7.9","""497929014""","99","100","99.5","0.7071067811865476","99"
"1","45","500","34","11","72","37","190","2.5740383001449607","7.9","""245263744""","99","100","99.5","0.7071067811865476","99"
"1","46","500","34","11","72","37","190","2.5740383001449607","7.9","""-477796962""","99","100","99.5","0.7071067811865476","99"
"1","47","500","34","11","72","37","190","2.5740383001449607","7.9","""1364663754""","99","100","99.5","0.7071067811865476","99"
"1","48","500","34","11","72","37","190","2.5740383001449607","7.9","""-1921168513""","99.0909090909091","100","99.54545454545455","0.6428243465332232","99.0909090909091"
"1","49","500","34","11","72","37","190","2.5740383001449607","7.9","""-2010295415""","99","100","99.5","0.7071067811865476","99"
"1","50","500","34","11","72","37","190","2.5740383001449607","7.9","""1706201499""","99","100","99.5","0.7071067811865476","99"
"1","51","500","6","35","46","75","370","4.89704280155642","4.800000000000001","""-498444261""","99","100","99.5","0.7071067811865476","99"
"1","52","500","6","35","46","75","370","4.89704280155642","4.800000000000001","""-34185826""","99.02857142857142","100","99.5142857142857","0.6869037302955059","99.02857142857142"
"1","53","500","6","35","46","75","370","4.89704280155642","4.800000000000001","""845998174""","99","100","99.5","0.7071067811865476","99"
"1","54","500","6","35","46","75","370","4.89704280155642","4.800000000000001","""33026033""","99","100","99.5","0.7071067811865476","99"
"1","55","500","6","35","46","75","370","4.89704280155642","4.800000000000001","""-818175005""","99","100","99.5","0.7071067811865476","99"
"1","56","500","6","35","46","75","370","4.89704280155642","4.800000000000001","""538732075""","99.02857142857142","100","99.5142857142857","0.6869037302955059","99.02857142857142"
"1","57","500","6","35","46","75","370","4.89704280155642","4.800000000000001","""717853656""","99.02857142857142","100","99.5142857142857","0.6869037302955059","99.02857142857142"
"1","58","500","6","35","46","75","370","4.89704280155642","4.800000000000001","""1832241720""","99","100","99.5","0.7071067811865476","99"
"1","59","500","6","35","46","75","370","4.89704280155642","4.800000000000001","""1433789367""","99","100","99.5","0.7071067811865476","99"
"1","60","500","6","35","46","75","370","4.89704280155642","4.800000000000001","""1983990878""","99.02857142857142","100","99.5142857142857","0.6869037302955059","99.02857142857142"
"1","61","500","26","47","97","53","250","4.77935606927596","8.4","""362217779""","99","100","99.5","0.7071067811865476","99"
"1","62","500","26","47","97","53","250","4.77935606927596","8.4","""2092516703""","99.02127659574468","100","99.51063829787233","0.692061956054919","99.02127659574468"
"1","63","500","26","47","97","53","250","4.77935606927596","8.4","""572420638""","99.02127659574468","100","99.51063829787233","0.692061956054919","99.02127659574468"
"1","64","500","26","47","97","53","250","4.77935606927596","8.4","""-1970122498""","99","100","99.5","0.7071067811865476","99"
"1","65","500","26","47","97","53","250","4.77935606927596","8.4","""703917393""","99.02127659574468","100","99.51063829787233","0.692061956054919","99.02127659574468"
"1","66","500","26","47","97","53","250","4.77935606927596","8.4","""-1584195868""","99.02127659574468","100","99.51063829787233","0.692061956054919","99.02127659574468"
"1","67","500","26","47","97","53","250","4.77935606927596","8.4","""1333020053""","99.04255319148936","100","99.52127659574468","0.6770171309232906","99.04255319148936"
"1","68","500","26","47","97","53","250","4.77935606927596","8.4","""1370931632""","99.02127659574468","100","99.51063829787233","0.692061956054919","99.02127659574468"
"1","69","500","26","47","97","53","250","4.77935606927596","8.4","""1975104660""","99.02127659574468","100","99.51063829787233","0.692061956054919","99.02127659574468"
"1","70","500","26","47","97","53","250","4.77935606927596","8.4","""-2144386324""","99.02127659574468","100","99.51063829787233","0.692061956054919","99.02127659574468"
"1","71","500","30","62","71","25","336","0.4084977492942703","2.4000000000000004","""-1282727895""","99","100","99.5","0.7071067811865476","99"
"1","72","500","30","62","71","25","336","0.4084977492942703","2.4000000000000004","""-435668839""","99","100","99.5","0.7071067811865476","99"
"1","73","500","30","62","71","25","336","0.4084977492942703","2.4000000000000004","""1771257156""","99.03225806451613","100","99.51612903225806","0.6842968850192401","99.03225806451613"
"1","74","500","30","62","71","25","336","0.4084977492942703","2.4000000000000004","""-2045627059""","99.06451612903226","100","99.53225806451613","0.6614869888519328","99.06451612903226"
"1","75","500","30","62","71","25","336","0.4084977492942703","2.4000000000000004","""1245465273""","99.03225806451613","100","99.51612903225806","0.6842968850192401","99.03225806451613"
"1","76","500","30","62","71","25","336","0.4084977492942703","2.4000000000000004","""201675804""","99.01612903225806","100","99.50806451612902","0.6957018331028938","99.01612903225806"
"1","77","500","30","62","71","25","336","0.4084977492942703","2.4000000000000004","""111132836""","99.01612903225806","100","99.50806451612902","0.6957018331028938","99.01612903225806"
"1","78","500","30","62","71","25","336","0.4084977492942703","2.4000000000000004","""-941234711""","99.01612903225806","100","99.50806451612902","0.6957018331028938","99.01612903225806"
"1","79","500","30","62","71","25","336","0.4084977492942703","2.4000000000000004","""464218303""","99","100","99.5","0.7071067811865476","99"
"1","80","500","30","62","71","25","336","0.4084977492942703","2.4000000000000004","""1881235513""","99","100","99.5","0.7071067811865476","99"
"1","81","500","14","17","28","13","418","2.1143572137026023","0.1","""15128584""","99","100","99.5","0.7071067811865476","99"
"1","82","500","14","17","28","13","418","2.1143572137026023","0.1","""-455980908""","99.05882352941177","100","99.52941176470588","0.66551226464616","99.05882352941177"
"1","83","500","14","17","28","13","418","2.1143572137026023","0.1","""2117507946""","99","100","99.5","0.7071067811865476","99"
"1","84","500","14","17","28","13","418","2.1143572137026023","0.1","""-524062828""","99","100","99.5","0.7071067811865476","99"
"1","85","500","14","17","28","13","418","2.1143572137026023","0.1","""178350283""","99","100","99.5","0.7071067811865476","99"
"1","86","500","14","17","28","13","418","2.1143572137026023","0.1","""-1410928546""","99","100","99.5","0.7071067811865476","99"
"1","87","500","14","17","28","13","418","2.1143572137026023","0.1","""109523101""","99","100","99.5","0.7071067811865476","99"
"1","88","500","14","17","28","13","418","2.1143572137026023","0.1","""959538340""","99","100","99.5","0.7071067811865476","99"
"1","89","500","14","17","28","13","418","2.1143572137026023","0.1","""500497554""","99","100","99.5","0.7071067811865476","99"
"1","90","500","14","17","28","13","418","2.1143572137026023","0.1","""-1953501704""","99","100","99.5","0.7071067811865476","99"
"1","91","500","25","40","19","33","196","3.1507331960021365","9.5","""132021139""","99.025","100","99.5125","0.6894291116568798","99.025"
"1","92","500","25","40","19","33","196","3.1507331960021365","9.5","""-1830024974""","99.025","100","99.5125","0.6894291116568798","99.025"
"1","93","500","25","40","19","33","196","3.1507331960021365","9.5","""-1431836687""","99","100","99.5","0.7071067811865476","99"
"1","94","500","25","40","19","33","196","3.1507331960021365","9.5","""-1320243267""","99.025","100","99.5125","0.6894291116568798","99.025"
"1","95","500","25","40","19","33","196","3.1507331960021365","9.5","""-1361455586""","99.05","100","99.525","0.6717514421272222","99.05"
"1","96","500","25","40","19","33","196","3.1507331960021365","9.5","""-1683753288""","99.1","100","99.55","0.6363961030678968","99.1"
"1","97","500","25","40","19","33","196","3.1507331960021365","9.5","""394509618""","99.025","100","99.5125","0.6894291116568798","99.025"
"1","98","500","25","40","19","33","196","3.1507331960021365","9.5","""-315834255""","99","100","99.5","0.7071067811865476","99"
"1","99","500","25","40","19","33","196","3.1507331960021365","9.5","""1976029431""","99.05","100","99.525","0.6717514421272222","99.05"
"1","100","500","25","40","19","33","196","3.1507331960021365","9.5","""-1872987220""","99","100","99.5","0.7071067811865476","99"
"1","101","500","14","61","88","100","353","1.2919707026779585","5.2","""-189242986""","99","100","99.5","0.7071067811865476","99"
"1","102","500","14","61","88","100","353","1.2919707026779585","5.2","""-51678446""","99.04918032786885","100","99.52459016393442","0.6723310378495033","99.04918032786885"
"1","103","500","14","61","88","100","353","1.2919707026779585","5.2","""1957832853""","99.01639344262296","100","99.50819672131148","0.6955148667408628","99.01639344262296"
"1","104","500","14","61","88","100","353","1.2919707026779585","5.2","""-1565682085""","99.04918032786885","100","99.52459016393442","0.6723310378495033","99.04918032786885"
"1","105","500","14","61","88","100","353","1.2919707026779585","5.2","""421222409""","99","100","99.5","0.7071067811865476","99"
"1","106","500","14","61","88","100","353","1.2919707026779585","5.2","""-836041590""","99","100","99.5","0.7071067811865476","99"
"1","107","500","14","61","88","100","353","1.2919707026779585","5.2","""-301223095""","99.01639344262296","100","99.50819672131148","0.6955148667408628","99.01639344262296"
"1","108","500","14","61","88","100","353","1.2919707026779585","5.2","""1453314655""","99.01639344262296","100","99.50819672131148","0.6955148667408628","99.01639344262296"
"1","109","500","14","61","88","100","353","1.2919707026779585","5.2","""-1552666821""","99","100","99.5","0.7071067811865476","99"
"1","110","500","14","61","88","100","353","1.2919707026779585","5.2","""-87239331""","99.04918032786885","100","99.52459016393442","0.6723310378495033","99.04918032786885"
"1","111","500","26","89","56","42","30","1.1576104371709774","4.5","""-923815256""","99.02247191011236","100","99.51123595505618","0.6912167411598844","99.02247191011236"
"1","112","500","26","89","56","42","30","1.1576104371709774","4.5","""-1273320383""","99","100","99.5","0.7071067811865476","99"
"1","113","500","26","89","56","42","30","1.1576104371709774","4.5","""629373086""","99.02247191011236","100","99.51123595505618","0.6912167411598844","99.02247191011236"
"1","114","500","26","89","56","42","30","1.1576104371709774","4.5","""-1568572807""","99.03370786516854","100","99.51685393258427","0.6832717211465529","99.03370786516854"
"1","115","500","26","89","56","42","30","1.1576104371709774","4.5","""43515611""","99.0561797752809","100","99.52808988764045","0.6673816811198898","99.0561797752809"
"1","116","500","26","89","56","42","30","1.1576104371709774","4.5","""-1643199352""","99.01123595505618","100","99.50561797752809","0.6991617611732159","99.01123595505618"
"1","117","500","26","89","56","42","30","1.1576104371709774","4.5","""510664456""","99.01123595505618","100","99.50561797752809","0.6991617611732159","99.01123595505618"
"1","118","500","26","89","56","42","30","1.1576104371709774","4.5","""1908732439""","99.02247191011236","100","99.51123595505618","0.6912167411598844","99.02247191011236"
"1","119","500","26","89","56","42","30","1.1576104371709774","4.5","""1423622367""","99","100","99.5","0.7071067811865476","99"
"1","120","500","26","89","56","42","30","1.1576104371709774","4.5","""-251610548""","99.02247191011236","100","99.51123595505618","0.6912167411598844","99.02247191011236"
"1","121","500","33","42","49","26","165","1.391862363622492","7.300000000000001","""-1621317014""","99","100","99.5","0.7071067811865476","99"
"1","122","500","33","42","49","26","165","1.391862363622492","7.300000000000001","""2038094192""","99.04761904761905","100","99.52380952380952","0.6734350297014715","99.04761904761905"
"1","123","500","33","42","49","26","165","1.391862363622492","7.300000000000001","""1582339043""","99","100","99.5","0.7071067811865476","99"
"1","124","500","33","42","49","26","165","1.391862363622492","7.300000000000001","""-167167658""","99.02380952380952","100","99.51190476190476","0.6902709054440145","99.02380952380952"
"1","125","500","33","42","49","26","165","1.391862363622492","7.300000000000001","""692769757""","99","100","99.5","0.7071067811865476","99"
"1","126","500","33","42","49","26","165","1.391862363622492","7.300000000000001","""-1772722386""","99.02380952380952","100","99.51190476190476","0.6902709054440145","99.02380952380952"
"1","127","500","33","42","49","26","165","1.391862363622492","7.300000000000001","""-2141706264""","99.07142857142857","100","99.53571428571428","0.6565991539589384","99.07142857142857"
"1","128","500","33","42","49","26","165","1.391862363622492","7.300000000000001","""-1434124999""","99.07142857142857","100","99.53571428571428","0.6565991539589384","99.07142857142857"
"1","129","500","33","42","49","26","165","1.391862363622492","7.300000000000001","""-861518419""","99","100","99.5","0.7071067811865476","99"
"1","130","500","33","42","49","26","165","1.391862363622492","7.300000000000001","""-1789163142""","99.07142857142857","100","99.53571428571428","0.6565991539589384","99.07142857142857"
"1","131","500","34","75","90","62","443","0.8244388494697491","5.4","""1188948880""","99.02666666666667","100","99.51333333333334","0.6882506003549033","99.02666666666667"
"1","132","500","34","75","90","62","443","0.8244388494697491","5.4","""-52789162""","99.02666666666667","100","99.51333333333334","0.6882506003549033","99.02666666666667"
"1","133","500","34","75","90","62","443","0.8244388494697491","5.4","""1928678631""","99.01333333333334","100","99.50666666666666","0.6976786907707254","99.01333333333334"
"1","134","500","34","75","90","62","443","0.8244388494697491","5.4","""-1930706024""","99","100","99.5","0.7071067811865476","99"
"1","135","500","34","75","90","62","443","0.8244388494697491","5.4","""-27507566""","99.02666666666667","100","99.51333333333334","0.6882506003549033","99.02666666666667"
"1","136","500","34","75","90","62","443","0.8244388494697491","5.4","""-750411974""","99.02666666666667","100","99.51333333333334","0.6882506003549033","99.02666666666667"
"1","137","500","34","75","90","62","443","0.8244388494697491","5.4","""801701170""","99.01333333333334","100","99.50666666666666","0.6976786907707254","99.01333333333334"
"1","138","500","34","75","90","62","443","0.8244388494697491","5.4","""107383081""","99.02666666666667","100","99.51333333333334","0.6882506003549033","99.02666666666667"
"1","139","500","34","75","90","62","443","0.8244388494697491","5.4","""645859742""","99.01333333333334","100","99.50666666666666","0.6976786907707254","99.01333333333334"
"1","140","500","34","75","90","62","443","0.8244388494697491","5.4","""-1409540358""","99.05333333333333","100","99.52666666666667","0.6693944195232692","99.05333333333333"
"1","141","500","20","61","31","75","187","0.7246967269398031","4.6000000000000005","""1161821630""","99","100","99.5","0.7071067811865476","99"
"1","142","500","20","61","31","75","187","0.7246967269398031","4.6000000000000005","""-1734909208""","99.01639344262296","100","99.50819672131148","0.6955148667408628","99.01639344262296"
"1","143","500","20","61","31","75","187","0.7246967269398031","4.6000000000000005","""705940306""","99.04918032786885","100","99.52459016393442","0.6723310378495033","99.04918032786885"
"1","144","500","20","61","31","75","187","0.7246967269398031","4.6000000000000005","""1743435466""","99.01639344262296","100","99.50819672131148","0.6955148667408628","99.01639344262296"
"1","145","500","20","61","31","75","187","0.7246967269398031","4.6000000000000005","""535453597""","99","100","99.5","0.7071067811865476","99"
"1","146","500","20","61","31","75","187","0.7246967269398031","4.6000000000000005","""-328604751""","99.01639344262296","100","99.50819672131148","0.6955148667408628","99.01639344262296"
"1","147","500","20","61","31","75","187","0.7246967269398031","4.6000000000000005","""1808869661""","99.01639344262296","100","99.50819672131148","0.6955148667408628","99.01639344262296"
"1","148","500","20","61","31","75","187","0.7246967269398031","4.6000000000000005","""1137692992""","99.0327868852459","100","99.51639344262296","0.6839229522951881","99.0327868852459"
"1","149","500","20","61","31","75","187","0.7246967269398031","4.6000000000000005","""-1578766559""","99","100","99.5","0.7071067811865476","99"
"1","150","500","20","61","31","75","187","0.7246967269398031","4.6000000000000005","""1289281442""","99.0327868852459","100","99.51639344262296","0.6839229522951881","99.0327868852459"
"1","151","500","3","19","69","97","344","3.730269321736477","2.9000000000000004","""-841899873""","99","100","99.5","0.7071067811865476","99"
"1","152","500","3","19","69","97","344","3.730269321736477","2.9000000000000004","""-169817955""","99","100","99.5","0.7071067811865476","99"
"1","153","500","3","19","69","97","344","3.730269321736477","2.9000000000000004","""1618439332""","99","100","99.5","0.7071067811865476","99"
"1","154","500","3","19","69","97","344","3.730269321736477","2.9000000000000004","""786909051""","99","100","99.5","0.7071067811865476","99"
"1","155","500","3","19","69","97","344","3.730269321736477","2.9000000000000004","""-1238333013""","99","100","99.5","0.7071067811865476","99"
"1","156","500","3","19","69","97","344","3.730269321736477","2.9000000000000004","""-1563767247""","99","100","99.5","0.7071067811865476","99"
"1","157","500","3","19","69","97","344","3.730269321736477","2.9000000000000004","""1460773124""","99","100","99.5","0.7071067811865476","99"
"1","158","500","3","19","69","97","344","3.730269321736477","2.9000000000000004","""1216663863""","99","100","99.5","0.7071067811865476","99"
"1","159","500","3","19","69","97","344","3.730269321736477","2.9000000000000004","""186527765""","99","100","99.5","0.7071067811865476","99"
"1","160","500","3","19","69","97","344","3.730269321736477","2.9000000000000004","""86251397""","99","100","99.5","0.7071067811865476","99"
"1","161","500","30","18","77","8","221","4.557665369649806","0.2","""1332534788""","99.11111111111111","100","99.55555555555556","0.6285393610547066","99.11111111111111"
"1","162","500","30","18","77","8","221","4.557665369649806","0.2","""-1883806957""","99","100","99.5","0.7071067811865476","99"
"1","163","500","30","18","77","8","221","4.557665369649806","0.2","""130938852""","99","100","99.5","0.7071067811865476","99"
"1","164","500","30","18","77","8","221","4.557665369649806","0.2","""1252669090""","99.05555555555556","100","99.52777777777777","0.6678230711206271","99.05555555555556"
"1","165","500","30","18","77","8","221","4.557665369649806","0.2","""-1446355130""","99","100","99.5","0.7071067811865476","99"
"1","166","500","30","18","77","8","221","4.557665369649806","0.2","""-2119938762""","99","100","99.5","0.7071067811865476","99"
"1","167","500","30","18","77","8","221","4.557665369649806","0.2","""-1721991240""","99","100","99.5","0.7071067811865476","99"
"1","168","500","30","18","77","8","221","4.557665369649806","0.2","""2081033736""","99.05555555555556","100","99.52777777777777","0.6678230711206271","99.05555555555556"
"1","169","500","30","18","77","8","221","4.557665369649806","0.2","""-2061042258""","99","100","99.5","0.7071067811865476","99"
"1","170","500","30","18","77","8","221","4.557665369649806","0.2","""-1949704524""","99","100","99.5","0.7071067811865476","99"
"1","171","500","34","76","36","71","17","3.0305790798809795","2.2","""-811151779""","99.01315789473684","100","99.50657894736841","0.6978027445919924","99.01315789473684"
"1","172","500","34","76","36","71","17","3.0305790798809795","2.2","""-1068513803""","99.02631578947368","100","99.51315789473685","0.6884987079974273","99.02631578947368"
"1","173","500","34","76","36","71","17","3.0305790798809795","2.2","""-1442178430""","99.01315789473684","100","99.50657894736841","0.6978027445919924","99.01315789473684"
"1","174","500","34","76","36","71","17","3.0305790798809795","2.2","""249768466""","99.01315789473684","100","99.50657894736841","0.6978027445919924","99.01315789473684"
"1","175","500","34","76","36","71","17","3.0305790798809795","2.2","""391554959""","99.02631578947368","100","99.51315789473685","0.6884987079974273","99.02631578947368"
"1","176","500","34","76","36","71","17","3.0305790798809795","2.2","""-2147230703""","99.01315789473684","100","99.50657894736841","0.6978027445919924","99.01315789473684"
"1","177","500","34","76","36","71","17","3.0305790798809795","2.2","""-583429304""","99.03947368421052","100","99.51973684210526","0.6791946714028723","99.03947368421052"
"1","178","500","34","76","36","71","17","3.0305790798809795","2.2","""-1869453988""","99.01315789473684","100","99.50657894736841","0.6978027445919924","99.01315789473684"
"1","179","500","34","76","36","71","17","3.0305790798809795","2.2","""-794341306""","99.02631578947368","100","99.51315789473685","0.6884987079974273","99.02631578947368"
"1","180","500","34","76","36","71","17","3.0305790798809795","2.2","""-1742826120""","99.01315789473684","100","99.50657894736841","0.6978027445919924","99.01315789473684"
"1","181","500","34","7","1","79","159","3.220866712443733","7","""1383682753""","99","100","99.5","0.7071067811865476","99"
"1","182","500","34","7","1","79","159","3.220866712443733","7","""-286250179""","99.14285714285714","100","99.57142857142857","0.6060915267313293","99.14285714285714"
"1","183","500","34","7","1","79","159","3.220866712443733","7","""-124116121""","99","100","99.5","0.7071067811865476","99"
"1","184","500","34","7","1","79","159","3.220866712443733","7","""2116857094""","99","100","99.5","0.7071067811865476","99"
"1","185","500","34","7","1","79","159","3.220866712443733","7","""266942135""","99","100","99.5","0.7071067811865476","99"
"1","186","500","34","7","1","79","159","3.220866712443733","7","""-2030054027""","99","100","99.5","0.7071067811865476","99"
"1","187","500","34","7","1","79","159","3.220866712443733","7","""-851656617""","99","100","99.5","0.7071067811865476","99"
"1","188","500","34","7","1","79","159","3.220866712443733","7","""420495772""","99","100","99.5","0.7071067811865476","99"
"1","189","500","34","7","1","79","159","3.220866712443733","7","""307687538""","99","100","99.5","0.7071067811865476","99"
"1","190","500","34","7","1","79","159","3.220866712443733","7","""273173588""","99","100","99.5","0.7071067811865476","99"
"1","191","500","32","27","53","77","309","2.1260212100404368","3","""2115964906""","99","100","99.5","0.7071067811865476","99"
"1","192","500","32","27","53","77","309","2.1260212100404368","3","""386437180""","99","100","99.5","0.7071067811865476","99"
"1","193","500","32","27","53","77","309","2.1260212100404368","3","""-1796398401""","99.03703703703704","100","99.51851851851852","0.6809176411426006","99.03703703703704"
"1","194","500","32","27","53","77","309","2.1260212100404368","3","""-1200171334""","99","100","99.5","0.7071067811865476","99"
"1","195","500","32","27","53","77","309","2.1260212100404368","3","""1524559153""","99.03703703703704","100","99.51851851851852","0.6809176411426006","99.03703703703704"
"1","196","500","32","27","53","77","309","2.1260212100404368","3","""1932419986""","99","100","99.5","0.7071067811865476","99"
"1","197","500","32","27","53","77","309","2.1260212100404368","3","""-490816180""","99.03703703703704","100","99.51851851851852","0.6809176411426006","99.03703703703704"
"1","198","500","32","27","53","77","309","2.1260212100404368","3","""1193117376""","99","100","99.5","0.7071067811865476","99"
"1","199","500","32","27","53","77","309","2.1260212100404368","3","""-1275976605""","99.03703703703704","100","99.51851851851852","0.6809176411426006","99.03703703703704"
"1","200","500","32","27","53","77","309","2.1260212100404368","3","""-1824200504""","99","100","99.5","0.7071067811865476","99"
"1","201","500","17","6","19","63","378","0.8704966811627376","7","""266522616""","99","100","99.5","0.7071067811865476","99"
"1","202","500","17","6","19","63","378","0.8704966811627376","7","""-1448102501""","99","100","99.5","0.7071067811865476","99"
"1","203","500","17","6","19","63","378","0.8704966811627376","7","""464172415""","99","100","99.5","0.7071067811865476","99"
"1","204","500","17","6","19","63","378","0.8704966811627376","7","""-508468908""","99","100","99.5","0.7071067811865476","99"
"1","205","500","17","6","19","63","378","0.8704966811627376","7","""-462126977""","99","100","99.5","0.7071067811865476","99"
"1","206","500","17","6","19","63","378","0.8704966811627376","7","""-351565009""","99","100","99.5","0.7071067811865476","99"
"1","207","500","17","6","19","63","378","0.8704966811627376","7","""-289797999""","99.16666666666667","100","99.58333333333334","0.5892556509887863","99.16666666666667"
"1","208","500","17","6","19","63","378","0.8704966811627376","7","""939961823""","99.16666666666667","100","99.58333333333334","0.5892556509887863","99.16666666666667"
"1","209","500","17","6","19","63","378","0.8704966811627376","7","""-1785767907""","99","100","99.5","0.7071067811865476","99"
"1","210","500","17","6","19","63","378","0.8704966811627376","7","""-1362407968""","99","100","99.5","0.7071067811865476","99"
"1","211","500","29","83","52","45","292","4.232494087129015","4.7","""-7375704""","99.02409638554217","100","99.51204819277109","0.6900680635675969","99.02409638554217"
"1","212","500","29","83","52","45","292","4.232494087129015","4.7","""-1981068542""","99","100","99.5","0.7071067811865476","99"
"1","213","500","29","83","52","45","292","4.232494087129015","4.7","""808406020""","99.02409638554217","100","99.51204819277109","0.6900680635675969","99.02409638554217"
"1","214","500","29","83","52","45","292","4.232494087129015","4.7","""-1371417852""","99.01204819277109","100","99.50602409638554","0.6985874223770672","99.01204819277109"
"1","215","500","29","83","52","45","292","4.232494087129015","4.7","""-1939140545""","99.01204819277109","100","99.50602409638554","0.6985874223770672","99.01204819277109"
"1","216","500","29","83","52","45","292","4.232494087129015","4.7","""1236930293""","99.01204819277109","100","99.50602409638554","0.6985874223770672","99.01204819277109"
"1","217","500","29","83","52","45","292","4.232494087129015","4.7","""-2062121753""","99.01204819277109","100","99.50602409638554","0.6985874223770672","99.01204819277109"
"1","218","500","29","83","52","45","292","4.232494087129015","4.7","""418111471""","99.01204819277109","100","99.50602409638554","0.6985874223770672","99.01204819277109"
"1","219","500","29","83","52","45","292","4.232494087129015","4.7","""1091282596""","99.02409638554217","100","99.51204819277109","0.6900680635675969","99.02409638554217"
"1","220","500","29","83","52","45","292","4.232494087129015","4.7","""-1559032755""","99.02409638554217","100","99.51204819277109","0.6900680635675969","99.02409638554217"
"1","221","500","12","72","51","59","127","1.7598016327153432","6","""1663838355""","99.02777777777777","100","99.51388888888889","0.6874649261535923","99.02777777777777"
"1","222","500","12","72","51","59","127","1.7598016327153432","6","""185539023""","99.01388888888889","100","99.50694444444444","0.6972858536700699","99.01388888888889"
"1","223","500","12","72","51","59","127","1.7598016327153432","6","""792964205""","99.01408450704226","100","99.50704225352112","0.6971475307472987","99.01408450704226"
"1","224","500","12","72","51","59","127","1.7598016327153432","6","""-67297559""","99.01388888888889","100","99.50694444444444","0.6972858536700699","99.01388888888889"
"1","225","500","12","72","51","59","127","1.7598016327153432","6","""1381646516""","99","100","99.5","0.7071067811865476","99"
"1","226","500","12","72","51","59","127","1.7598016327153432","6","""-1426051910""","99.01388888888889","100","99.50694444444444","0.6972858536700699","99.01388888888889"
"1","227","500","12","72","51","59","127","1.7598016327153432","6","""-1251878972""","99","100","99.5","0.7071067811865476","99"
"1","228","500","12","72","51","59","127","1.7598016327153432","6","""2035318069""","99","100","99.5","0.7071067811865476","99"
"1","229","500","12","72","51","59","127","1.7598016327153432","6","""116792680""","99.01388888888889","100","99.50694444444444","0.6972858536700699","99.01388888888889"
"1","230","500","12","72","51","59","127","1.7598016327153432","6","""-112885052""","99.04166666666667","100","99.52083333333334","0.6776439986371047","99.04166666666667"
"1","231","500","27","88","78","24","111","1.050167086289769","2.7","""-1343860859""","99.02272727272727","100","99.51136363636363","0.6910361725232215","99.02272727272727"
"1","232","500","27","88","78","24","111","1.050167086289769","2.7","""-1114458604""","99","100","99.5","0.7071067811865476","99"
"1","233","500","27","88","78","24","111","1.050167086289769","2.7","""-1839024837""","99.01136363636364","100","99.50568181818181","0.6990714768548795","99.01136363636364"
"1","234","500","27","88","78","24","111","1.050167086289769","2.7","""-2051996847""","99.0340909090909","100","99.51704545454545","0.6830008681915534","99.0340909090909"
"1","235","500","27","88","78","24","111","1.050167086289769","2.7","""-1750500065""","99.01136363636364","100","99.50568181818181","0.6990714768548795","99.01136363636364"
"1","236","500","27","88","78","24","111","1.050167086289769","2.7","""1317718550""","99.04545454545455","100","99.52272727272728","0.6749655638598854","99.04545454545455"
"1","237","500","27","88","78","24","111","1.050167086289769","2.7","""-510664011""","99.01136363636364","100","99.50568181818181","0.6990714768548795","99.01136363636364"
"1","238","500","27","88","78","24","111","1.050167086289769","2.7","""118415612""","99.0340909090909","100","99.51704545454545","0.6830008681915534","99.0340909090909"
"1","239","500","27","88","78","24","111","1.050167086289769","2.7","""2127447241""","99.01136363636364","100","99.50568181818181","0.6990714768548795","99.01136363636364"
"1","240","500","27","88","78","24","111","1.050167086289769","2.7","""-1429848451""","99.04545454545455","100","99.52272727272728","0.6749655638598854","99.04545454545455"
"1","241","500","7","60","86","38","258","2.0359243152513926","6.4","""1978994107""","99","100","99.5","0.7071067811865476","99"
"1","242","500","7","60","86","38","258","2.0359243152513926","6.4","""1115517198""","99.01666666666667","100","99.50833333333333","0.6953216681667724","99.01666666666667"
"1","243","500","7","60","86","38","258","2.0359243152513926","6.4","""1231464336""","99","100","99.5","0.7071067811865476","99"
"1","244","500","7","60","86","38","258","2.0359243152513926","6.4","""1820393966""","99","100","99.5","0.7071067811865476","99"
"1","245","500","7","60","86","38","258","2.0359243152513926","6.4","""1647753342""","99","100","99.5","0.7071067811865476","99"
"1","246","500","7","60","86","38","258","2.0359243152513926","6.4","""-1694044279""","99","100","99.5","0.7071067811865476","99"
"1","247","500","7","60","86","38","258","2.0359243152513926","6.4","""882169572""","99.03333333333333","100","99.51666666666667","0.6835365551469973","99.03333333333333"
"1","248","500","7","60","86","38","258","2.0359243152513926","6.4","""1251602355""","99","100","99.5","0.7071067811865476","99"
"1","249","500","7","60","86","38","258","2.0359243152513926","6.4","""-888816584""","99","100","99.5","0.7071067811865476","99"
"1","250","500","7","60","86","38","258","2.0359243152513926","6.4","""1146813901""","99","100","99.5","0.7071067811865476","99"
"1","251","500","25","52","42","22","447","4.475718318455787","7.9","""-1192040789""","99.01923076923077","100","99.50961538461539","0.6935085738560339","99.01923076923077"
"1","252","500","25","52","42","22","447","4.475718318455787","7.9","""697942695""","99","100","99.5","0.7071067811865476","99"
"1","253","500","25","52","42","22","447","4.475718318455787","7.9","""1926488807""","99.03846153846153","100","99.51923076923077","0.6799103665255304","99.03846153846153"
"1","254","500","25","52","42","22","447","4.475718318455787","7.9","""-395265808""","99.01923076923077","100","99.50961538461539","0.6935085738560339","99.01923076923077"
"1","255","500","25","52","42","22","447","4.475718318455787","7.9","""1956005726""","99.03846153846153","100","99.51923076923077","0.6799103665255304","99.03846153846153"
"1","256","500","25","52","42","22","447","4.475718318455787","7.9","""-1641558697""","99.01923076923077","100","99.50961538461539","0.6935085738560339","99.01923076923077"
"1","257","500","25","52","42","22","447","4.475718318455787","7.9","""-25800130""","99.0576923076923","100","99.52884615384616","0.6663121591950167","99.0576923076923"
"1","258","500","25","52","42","22","447","4.475718318455787","7.9","""-590491385""","99.01923076923077","100","99.50961538461539","0.6935085738560339","99.01923076923077"
"1","259","500","25","52","42","22","447","4.475718318455787","7.9","""-1642422569""","99.01923076923077","100","99.50961538461539","0.6935085738560339","99.01923076923077"
"1","260","500","25","52","42","22","447","4.475718318455787","7.9","""660891100""","99.01923076923077","100","99.50961538461539","0.6935085738560339","99.01923076923077"
"1","261","500","34","68","57","79","20","1.52420386053254","6.1000000000000005","""-1946967978""","99","100","99.5","0.7071067811865476","99"
"1","262","500","34","68","57","79","20","1.52420386053254","6.1000000000000005","""335098393""","99.05882352941177","100","99.52941176470588","0.66551226464616","99.05882352941177"
"1","263","500","34","68","57","79","20","1.52420386053254","6.1000000000000005","""1973827403""","99.01470588235294","100","99.50735294117646","0.6967081520514506","99.01470588235294"
"1","264","500","34","68","57","79","20","1.52420386053254","6.1000000000000005","""-896483976""","99.01470588235294","100","99.50735294117646","0.6967081520514506","99.01470588235294"
"1","265","500","34","68","57","79","20","1.52420386053254","6.1000000000000005","""-2114171325""","99.01470588235294","100","99.50735294117646","0.6967081520514506","99.01470588235294"
"1","266","500","34","68","57","79","20","1.52420386053254","6.1000000000000005","""587832654""","99.02941176470588","100","99.51470588235294","0.6863095229163537","99.02941176470588"
"1","267","500","34","68","57","79","20","1.52420386053254","6.1000000000000005","""1081387418""","99.02941176470588","100","99.51470588235294","0.6863095229163537","99.02941176470588"
"1","268","500","34","68","57","79","20","1.52420386053254","6.1000000000000005","""1639540058""","99.04411764705883","100","99.52205882352942","0.6759108937812569","99.04411764705883"
"1","269","500","34","68","57","79","20","1.52420386053254","6.1000000000000005","""1246799410""","99","100","99.5","0.7071067811865476","99"
"1","270","500","34","68","57","79","20","1.52420386053254","6.1000000000000005","""823031886""","99.04411764705883","100","99.52205882352942","0.6759108937812569","99.04411764705883"
"1","271","500","9","40","22","13","372","3.0164476997024496","2.9000000000000004","""-1443064556""","99.05","100","99.525","0.6717514421272222","99.05"
"1","272","500","9","40","22","13","372","3.0164476997024496","2.9000000000000004","""21333842""","99","100","99.5","0.7071067811865476","99"
"1","273","500","9","40","22","13","372","3.0164476997024496","2.9000000000000004","""1843886185""","99.025","100","99.5125","0.6894291116568798","99.025"
"1","274","500","9","40","22","13","372","3.0164476997024496","2.9000000000000004","""-1368113216""","99","100","99.5","0.7071067811865476","99"
"1","275","500","9","40","22","13","372","3.0164476997024496","2.9000000000000004","""-409102356""","99.025","100","99.5125","0.6894291116568798","99.025"
"1","276","500","9","40","22","13","372","3.0164476997024496","2.9000000000000004","""1815720472""","99","100","99.5","0.7071067811865476","99"
"1","277","500","9","40","22","13","372","3.0164476997024496","2.9000000000000004","""111850242""","99","100","99.5","0.7071067811865476","99"
"1","278","500","9","40","22","13","372","3.0164476997024496","2.9000000000000004","""-286232447""","99.025","100","99.5125","0.6894291116568798","99.025"
"1","279","500","9","40","22","13","372","3.0164476997024496","2.9000000000000004","""133906573""","99","100","99.5","0.7071067811865476","99"
"1","280","500","9","40","22","13","372","3.0164476997024496","2.9000000000000004","""1980000934""","99","100","99.5","0.7071067811865476","99"
"1","281","500","18","69","30","28","3","1.0155489433127338","7.7","""1846466734""","99.02898550724638","100","99.51449275362319","0.6866109324565038","99.02898550724638"
"1","282","500","18","69","30","28","3","1.0155489433127338","7.7","""-2028721289""","99.01449275362319","100","99.5072463768116","0.6968588568215257","99.01449275362319"
"1","283","500","18","69","30","28","3","1.0155489433127338","7.7","""-829820407""","99","100","99.5","0.7071067811865476","99"
"1","284","500","18","69","30","28","3","1.0155489433127338","7.7","""-943899545""","99.01449275362319","100","99.5072463768116","0.6968588568215257","99.01449275362319"
"1","285","500","18","69","30","28","3","1.0155489433127338","7.7","""-603402055""","99.01449275362319","100","99.5072463768116","0.6968588568215257","99.01449275362319"
"1","286","500","18","69","30","28","3","1.0155489433127338","7.7","""-822591681""","99.01449275362319","100","99.5072463768116","0.6968588568215257","99.01449275362319"
"1","287","500","18","69","30","28","3","1.0155489433127338","7.7","""-634456362""","99.04347826086956","100","99.52173913043478","0.676363008091482","99.04347826086956"
"1","288","500","18","69","30","28","3","1.0155489433127338","7.7","""-790169000""","99.01449275362319","100","99.5072463768116","0.6968588568215257","99.01449275362319"
"1","289","500","18","69","30","28","3","1.0155489433127338","7.7","""972110735""","99.02898550724638","100","99.51449275362319","0.6866109324565038","99.02898550724638"
"1","290","500","18","69","30","28","3","1.0155489433127338","7.7","""590916209""","99.01449275362319","100","99.5072463768116","0.6968588568215257","99.01449275362319"
"1","291","500","6","19","53","32","180","4.511009384298466","8.200000000000001","""907623825""","99.05263157894737","100","99.52631578947368","0.6698906348083071","99.05263157894737"
"1","292","500","6","19","53","32","180","4.511009384298466","8.200000000000001","""-1593699358""","99","100","99.5","0.7071067811865476","99"
"1","293","500","6","19","53","32","180","4.511009384298466","8.200000000000001","""-117007115""","99","100","99.5","0.7071067811865476","99"
"1","294","500","6","19","53","32","180","4.511009384298466","8.200000000000001","""545242201""","99","100","99.5","0.7071067811865476","99"
"1","295","500","6","19","53","32","180","4.511009384298466","8.200000000000001","""-1217662384""","99","100","99.5","0.7071067811865476","99"
"1","296","500","6","19","53","32","180","4.511009384298466","8.200000000000001","""870341837""","99.05263157894737","100","99.52631578947368","0.6698906348083071","99.05263157894737"
"1","297","500","6","19","53","32","180","4.511009384298466","8.200000000000001","""-152360647""","99","100","99.5","0.7071067811865476","99"
"1","298","500","6","19","53","32","180","4.511009384298466","8.200000000000001","""-1004209468""","99","100","99.5","0.7071067811865476","99"
"1","299","500","6","19","53","32","180","4.511009384298466","8.200000000000001","""485626291""","99","100","99.5","0.7071067811865476","99"
"1","300","500","6","19","53","32","180","4.511009384298466","8.200000000000001","""147159304""","99","100","99.5","0.7071067811865476","99"
"1","301","500","5","41","39","26","128","2.3739559014267186","7.9","""890983443""","99","100","99.5","0.7071067811865476","99"
"1","302","500","5","41","39","26","128","2.3739559014267186","7.9","""-1811144548""","99","100","99.5","0.7071067811865476","99"
"1","303","500","5","41","39","26","128","2.3739559014267186","7.9","""1127836115""","99","100","99.5","0.7071067811865476","99"
"1","304","500","5","41","39","26","128","2.3739559014267186","7.9","""-922859450""","99","100","99.5","0.7071067811865476","99"
"1","305","500","5","41","39","26","128","2.3739559014267186","7.9","""570974848""","99","100","99.5","0.7071067811865476","99"
"1","306","500","5","41","39","26","128","2.3739559014267186","7.9","""904398873""","99","100","99.5","0.7071067811865476","99"
"1","307","500","5","41","39","26","128","2.3739559014267186","7.9","""-1419389382""","99","100","99.5","0.7071067811865476","99"
"1","308","500","5","41","39","26","128","2.3739559014267186","7.9","""360625993""","99","100","99.5","0.7071067811865476","99"
"1","309","500","5","41","39","26","128","2.3739559014267186","7.9","""-496224033""","99","100","99.5","0.7071067811865476","99"
"1","310","500","5","41","39","26","128","2.3739559014267186","7.9","""-1307863804""","99","100","99.5","0.7071067811865476","99"
"1","311","500","11","97","97","30","96","3.6020401312275885","5.2","""1213775507""","99","100","99.5","0.7071067811865476","99"
"1","312","500","11","97","97","30","96","3.6020401312275885","5.2","""69120374""","99.03092783505154","100","99.51546391752578","0.6852374992941827","99.03092783505154"
"1","313","500","11","97","97","30","96","3.6020401312275885","5.2","""598826305""","99.01030927835052","100","99.50515463917526","0.6998170205557559","99.01030927835052"
"1","314","500","11","97","97","30","96","3.6020401312275885","5.2","""-838370980""","99.02061855670104","100","99.51030927835052","0.6925272599249642","99.02061855670104"
"1","315","500","11","97","97","30","96","3.6020401312275885","5.2","""-1159211283""","99.01030927835052","100","99.50515463917526","0.6998170205557559","99.01030927835052"
"1","316","500","11","97","97","30","96","3.6020401312275885","5.2","""-258793956""","99","100","99.5","0.7071067811865476","99"
"1","317","500","11","97","97","30","96","3.6020401312275885","5.2","""-1759288402""","99.03092783505154","100","99.51546391752578","0.6852374992941827","99.03092783505154"
"1","318","500","11","97","97","30","96","3.6020401312275885","5.2","""1798862622""","99","100","99.5","0.7071067811865476","99"
"1","319","500","11","97","97","30","96","3.6020401312275885","5.2","""1846285528""","99","100","99.5","0.7071067811865476","99"
"1","320","500","11","97","97","30","96","3.6020401312275885","5.2","""582612580""","99.03092783505154","100","99.51546391752578","0.6852374992941827","99.03092783505154"
"1","321","500","26","88","1","15","382","3.204940871290151","7.9","""770774735""","99.02272727272727","100","99.51136363636363","0.6910361725232215","99.02272727272727"
"1","322","500","26","88","1","15","382","3.204940871290151","7.9","""555295616""","99.02272727272727","100","99.51136363636363","0.6910361725232215","99.02272727272727"
"1","323","500","26","88","1","15","382","3.204940871290151","7.9","""-1673249809""","99","100","99.5","0.7071067811865476","99"
"1","324","500","26","88","1","15","382","3.204940871290151","7.9","""1377870002""","99","100","99.5","0.7071067811865476","99"
"1","325","500","26","88","1","15","382","3.204940871290151","7.9","""1155010383""","99.02272727272727","100","99.51136363636363","0.6910361725232215","99.02272727272727"
"1","326","500","26","88","1","15","382","3.204940871290151","7.9","""284153880""","99.02272727272727","100","99.51136363636363","0.6910361725232215","99.02272727272727"
"1","327","500","26","88","1","15","382","3.204940871290151","7.9","""-1496270425""","99.02272727272727","100","99.51136363636363","0.6910361725232215","99.02272727272727"
"1","328","500","26","88","1","15","382","3.204940871290151","7.9","""1389586797""","99.02272727272727","100","99.51136363636363","0.6910361725232215","99.02272727272727"
"1","329","500","26","88","1","15","382","3.204940871290151","7.9","""344375908""","99.01136363636364","100","99.50568181818181","0.6990714768548795","99.01136363636364"
"1","330","500","26","88","1","15","382","3.204940871290151","7.9","""539548297""","99","100","99.5","0.7071067811865476","99"
"1","331","500","29","67","45","22","219","1.0568215457389183","8.1","""-1330875008""","99.01492537313433","100","99.50746268656717","0.6965529486315217","99.01492537313433"
"1","332","500","29","67","45","22","219","1.0568215457389183","8.1","""1489900852""","99.01492537313433","100","99.50746268656717","0.6965529486315217","99.01492537313433"
"1","333","500","29","67","45","22","219","1.0568215457389183","8.1","""-588141888""","99.01492537313433","100","99.50746268656717","0.6965529486315217","99.01492537313433"
"1","334","500","29","67","45","22","219","1.0568215457389183","8.1","""-673709599""","99.02985074626865","100","99.51492537313433","0.685999116076506","99.02985074626865"
"1","335","500","29","67","45","22","219","1.0568215457389183","8.1","""692328088""","99.05970149253731","100","99.52985074626866","0.6648914509664544","99.05970149253731"
"1","336","500","29","67","45","22","219","1.0568215457389183","8.1","""1144591795""","99.01515151515152","100","99.50757575757575","0.6963930420776602","99.01515151515152"
"1","337","500","29","67","45","22","219","1.0568215457389183","8.1","""-1275405177""","99.04477611940298","100","99.52238805970148","0.6754452835214801","99.04477611940298"
"1","338","500","29","67","45","22","219","1.0568215457389183","8.1","""1936603823""","99.04477611940298","100","99.52238805970148","0.6754452835214801","99.04477611940298"
"1","339","500","29","67","45","22","219","1.0568215457389183","8.1","""2022669231""","99","100","99.5","0.7071067811865476","99"
"1","340","500","29","67","45","22","219","1.0568215457389183","8.1","""-1174793284""","99","100","99.5","0.7071067811865476","99"
"1","341","500","19","93","38","57","486","0.15293659876401924","3","""-1776731809""","99","100","99.5","0.7071067811865476","99"
"1","342","500","19","93","38","57","486","0.15293659876401924","3","""-355139640""","99.01075268817205","100","99.50537634408602","0.6995034824641084","99.01075268817205"
"1","343","500","19","93","38","57","486","0.15293659876401924","3","""2095754046""","99.01075268817205","100","99.50537634408602","0.6995034824641084","99.01075268817205"
"1","344","500","19","93","38","57","486","0.15293659876401924","3","""1503543407""","99","100","99.5","0.7071067811865476","99"
"1","345","500","19","93","38","57","486","0.15293659876401924","3","""1502319068""","99","100","99.5","0.7071067811865476","99"
"1","346","500","19","93","38","57","486","0.15293659876401924","3","""-2132752084""","99","100","99.5","0.7071067811865476","99"
"1","347","500","19","93","38","57","486","0.15293659876401924","3","""-296066292""","99.03225806451613","100","99.51612903225806","0.6842968850192401","99.03225806451613"
"1","348","500","19","93","38","57","486","0.15293659876401924","3","""483978804""","99.03225806451613","100","99.51612903225806","0.6842968850192401","99.03225806451613"
"1","349","500","19","93","38","57","486","0.15293659876401924","3","""952788338""","99","100","99.5","0.7071067811865476","99"
"1","350","500","19","93","38","57","486","0.15293659876401924","3","""-1420041219""","99.02150537634408","100","99.51075268817203","0.6919001837416793","99.02150537634408"
"1","351","500","9","45","92","94","255","0.721182574196994","2.1","""1164762195""","99","100","99.5","0.7071067811865476","99"
"1","352","500","9","45","92","94","255","0.721182574196994","2.1","""1873734869""","99","100","99.5","0.7071067811865476","99"
"1","353","500","9","45","92","94","255","0.721182574196994","2.1","""-1356645167""","99","100","99.5","0.7071067811865476","99"
"1","354","500","9","45","92","94","255","0.721182574196994","2.1","""-160964007""","99","100","99.5","0.7071067811865476","99"
"1","355","500","9","45","92","94","255","0.721182574196994","2.1","""1819008086""","99","100","99.5","0.7071067811865476","99"
"1","356","500","9","45","92","94","255","0.721182574196994","2.1","""1429192508""","99","100","99.5","0.7071067811865476","99"
"1","357","500","9","45","92","94","255","0.721182574196994","2.1","""-1619563052""","99","100","99.5","0.7071067811865476","99"
"1","358","500","9","45","92","94","255","0.721182574196994","2.1","""613823843""","99","100","99.5","0.7071067811865476","99"
"1","359","500","9","45","92","94","255","0.721182574196994","2.1","""849409169""","99.02222222222223","100","99.51111111111112","0.6913932971601774","99.02222222222223"
"1","360","500","9","45","92","94","255","0.721182574196994","2.1","""582254706""","99.02222222222223","100","99.51111111111112","0.6913932971601774","99.02222222222223"
"1","361","500","30","80","95","80","44","0.9414526588845655","2.7","""-1841350859""","99.025","100","99.5125","0.6894291116568798","99.025"
"1","362","500","30","80","95","80","44","0.9414526588845655","2.7","""307664434""","99.0125","100","99.50625","0.6982679464217136","99.0125"
"1","363","500","30","80","95","80","44","0.9414526588845655","2.7","""518635933""","99.0125","100","99.50625","0.6982679464217136","99.0125"
"1","364","500","30","80","95","80","44","0.9414526588845655","2.7","""1604200792""","99.0375","100","99.51875","0.680590276892056","99.0375"
"1","365","500","30","80","95","80","44","0.9414526588845655","2.7","""-1108239095""","99.025","100","99.5125","0.6894291116568798","99.025"
"1","366","500","30","80","95","80","44","0.9414526588845655","2.7","""1433393832""","99.025","100","99.5125","0.6894291116568798","99.025"
"1","367","500","30","80","95","80","44","0.9414526588845655","2.7","""-1052903879""","99.05","100","99.525","0.6717514421272222","99.05"
"1","368","500","30","80","95","80","44","0.9414526588845655","2.7","""-171516562""","99","100","99.5","0.7071067811865476","99"
"1","369","500","30","80","95","80","44","0.9414526588845655","2.7","""-366884894""","99.025","100","99.5125","0.6894291116568798","99.025"
"1","370","500","30","80","95","80","44","0.9414526588845655","2.7","""1563495017""","99","100","99.5","0.7071067811865476","99"
"1","371","500","4","25","33","86","209","1.822458228427558","0.1","""1025467478""","99","100","99.5","0.7071067811865476","99"
"1","372","500","4","25","33","86","209","1.822458228427558","0.1","""1915180734""","99","100","99.5","0.7071067811865476","99"
"1","373","500","4","25","33","86","209","1.822458228427558","0.1","""-642281929""","99","100","99.5","0.7071067811865476","99"
"1","374","500","4","25","33","86","209","1.822458228427558","0.1","""1185262597""","99","100","99.5","0.7071067811865476","99"
"1","375","500","4","25","33","86","209","1.822458228427558","0.1","""-1474066439""","99","100","99.5","0.7071067811865476","99"
"1","376","500","4","25","33","86","209","1.822458228427558","0.1","""-1146624933""","99","100","99.5","0.7071067811865476","99"
"1","377","500","4","25","33","86","209","1.822458228427558","0.1","""-70241642""","99","100","99.5","0.7071067811865476","99"
"1","378","500","4","25","33","86","209","1.822458228427558","0.1","""-1391221399""","99","100","99.5","0.7071067811865476","99"
"1","379","500","4","25","33","86","209","1.822458228427558","0.1","""1468406603""","99","100","99.5","0.7071067811865476","99"
"1","380","500","4","25","33","86","209","1.822458228427558","0.1","""-870063872""","99","100","99.5","0.7071067811865476","99"
"1","381","500","37","40","44","64","461","1.5420737010757612","1.9000000000000001","""-1991708198""","99.05","100","99.525","0.6717514421272222","99.05"
"1","382","500","37","40","44","64","461","1.5420737010757612","1.9000000000000001","""-130613809""","99.15","100","99.575","0.6010407640085614","99.15"
"1","383","500","37","40","44","64","461","1.5420737010757612","1.9000000000000001","""-115399840""","99.05","100","99.525","0.6717514421272222","99.05"
"1","384","500","37","40","44","64","461","1.5420737010757612","1.9000000000000001","""1359030048""","99.025","100","99.5125","0.6894291116568798","99.025"
"1","385","500","37","40","44","64","461","1.5420737010757612","1.9000000000000001","""-887306401""","99","100","99.5","0.7071067811865476","99"
"1","386","500","37","40","44","64","461","1.5420737010757612","1.9000000000000001","""1272024346""","99.05","100","99.525","0.6717514421272222","99.05"
"1","387","500","37","40","44","64","461","1.5420737010757612","1.9000000000000001","""-312433770""","99.025","100","99.5125","0.6894291116568798","99.025"
"1","388","500","37","40","44","64","461","1.5420737010757612","1.9000000000000001","""546422541""","99.075","100","99.5375","0.6540737725975545","99.075"
"1","389","500","37","40","44","64","461","1.5420737010757612","1.9000000000000001","""-185037339""","99.025","100","99.5125","0.6894291116568798","99.025"
"1","390","500","37","40","44","64","461","1.5420737010757612","1.9000000000000001","""1499401166""","99.05","100","99.525","0.6717514421272222","99.05"
"1","391","500","29","18","59","14","220","1.8904982070649272","6.300000000000001","""-1629934166""","99","100","99.5","0.7071067811865476","99"
"1","392","500","29","18","59","14","220","1.8904982070649272","6.300000000000001","""-1274907001""","99.05555555555556","100","99.52777777777777","0.6678230711206271","99.05555555555556"
"1","393","500","29","18","59","14","220","1.8904982070649272","6.300000000000001","""-389781929""","99","100","99.5","0.7071067811865476","99"
"1","394","500","29","18","59","14","220","1.8904982070649272","6.300000000000001","""570806712""","99.05555555555556","100","99.52777777777777","0.6678230711206271","99.05555555555556"
"1","395","500","29","18","59","14","220","1.8904982070649272","6.300000000000001","""-330748705""","99","100","99.5","0.7071067811865476","99"
"1","396","500","29","18","59","14","220","1.8904982070649272","6.300000000000001","""-1095142960""","99.11111111111111","100","99.55555555555556","0.6285393610547066","99.11111111111111"
"1","397","500","29","18","59","14","220","1.8904982070649272","6.300000000000001","""1788392714""","99.05555555555556","100","99.52777777777777","0.6678230711206271","99.05555555555556"
"1","398","500","29","18","59","14","220","1.8904982070649272","6.300000000000001","""598738607""","99","100","99.5","0.7071067811865476","99"
"1","399","500","29","18","59","14","220","1.8904982070649272","6.300000000000001","""456556772""","99","100","99.5","0.7071067811865476","99"
"1","400","500","29","18","59","14","220","1.8904982070649272","6.300000000000001","""-1368600847""","99","100","99.5","0.7071067811865476","99"
"1","401","500","16","47","61","58","134","3.7150911726558333","9.8","""758598880""","99.02127659574468","100","99.51063829787233","0.692061956054919","99.02127659574468"
"1","402","500","16","47","61","58","134","3.7150911726558333","9.8","""219119562""","99.02127659574468","100","99.51063829787233","0.692061956054919","99.02127659574468"
"1","403","500","16","47","61","58","134","3.7150911726558333","9.8","""1071707313""","99.02127659574468","100","99.51063829787233","0.692061956054919","99.02127659574468"
"1","404","500","16","47","61","58","134","3.7150911726558333","9.8","""1165583304""","99","100","99.5","0.7071067811865476","99"
"1","405","500","16","47","61","58","134","3.7150911726558333","9.8","""511972115""","99","100","99.5","0.7071067811865476","99"
"1","406","500","16","47","61","58","134","3.7150911726558333","9.8","""-984440799""","99","100","99.5","0.7071067811865476","99"
"1","407","500","16","47","61","58","134","3.7150911726558333","9.8","""-1073846098""","99.02127659574468","100","99.51063829787233","0.692061956054919","99.02127659574468"
"1","408","500","16","47","61","58","134","3.7150911726558333","9.8","""1570790994""","99.02127659574468","100","99.51063829787233","0.692061956054919","99.02127659574468"
"1","409","500","16","47","61","58","134","3.7150911726558333","9.8","""-895149561""","99.02127659574468","100","99.51063829787233","0.692061956054919","99.02127659574468"
"1","410","500","16","47","61","58","134","3.7150911726558333","9.8","""2059858391""","99","100","99.5","0.7071067811865476","99"
"1","411","500","37","79","62","62","240","1.8217853055619138","2.1","""27254455""","99.0126582278481","100","99.50632911392405","0.6981560624373468","99.0126582278481"
"1","412","500","37","79","62","62","240","1.8217853055619138","2.1","""487372515""","99.0379746835443","100","99.51898734177215","0.6802546249389557","99.0379746835443"
"1","413","500","37","79","62","62","240","1.8217853055619138","2.1","""1399723098""","99.03846153846153","100","99.51923076923077","0.6799103665255304","99.03846153846153"
"1","414","500","37","79","62","62","240","1.8217853055619138","2.1","""-1963794308""","99.0506329113924","100","99.5253164556962","0.6713039061897651","99.0506329113924"
"1","415","500","37","79","62","62","240","1.8217853055619138","2.1","""-719738435""","99.0506329113924","100","99.5253164556962","0.6713039061897651","99.0506329113924"
"1","416","500","37","79","62","62","240","1.8217853055619138","2.1","""599770180""","99.0126582278481","100","99.50632911392405","0.6981560624373468","99.0126582278481"
"1","417","500","37","79","62","62","240","1.8217853055619138","2.1","""754680611""","99.0379746835443","100","99.51898734177215","0.6802546249389557","99.0379746835443"
"1","418","500","37","79","62","62","240","1.8217853055619138","2.1","""98607707""","99","100","99.5","0.7071067811865476","99"
"1","419","500","37","79","62","62","240","1.8217853055619138","2.1","""-1641875835""","99.0632911392405","100","99.53164556962025","0.6623531874405645","99.0632911392405"
"1","420","500","37","79","62","62","240","1.8217853055619138","2.1","""1528808395""","99.0126582278481","100","99.50632911392405","0.6981560624373468","99.0126582278481"
"1","421","500","40","34","69","75","340","0.9935667963683528","6","""2138800378""","99.02941176470588","100","99.51470588235294","0.6863095229163537","99.02941176470588"
"1","422","500","40","34","69","75","340","0.9935667963683528","6","""-907103795""","99.02941176470588","100","99.51470588235294","0.6863095229163537","99.02941176470588"
"1","423","500","40","34","69","75","340","0.9935667963683528","6","""-728492752""","99.02941176470588","100","99.51470588235294","0.6863095229163537","99.02941176470588"
"1","424","500","40","34","69","75","340","0.9935667963683528","6","""-1381420689""","99.02941176470588","100","99.51470588235294","0.6863095229163537","99.02941176470588"
"1","425","500","40","34","69","75","340","0.9935667963683528","6","""503488509""","99.08823529411765","100","99.54411764705883","0.6447150063759662","99.08823529411765"
"1","426","500","40","34","69","75","340","0.9935667963683528","6","""-1873403395""","99.02941176470588","100","99.51470588235294","0.6863095229163537","99.02941176470588"
"1","427","500","40","34","69","75","340","0.9935667963683528","6","""202712843""","99","100","99.5","0.7071067811865476","99"
"1","428","500","40","34","69","75","340","0.9935667963683528","6","""-1128534146""","99.02941176470588","100","99.51470588235294","0.6863095229163537","99.02941176470588"
"1","429","500","40","34","69","75","340","0.9935667963683528","6","""660379781""","99","100","99.5","0.7071067811865476","99"
"1","430","500","40","34","69","75","340","0.9935667963683528","6","""-1483968130""","99.05882352941177","100","99.52941176470588","0.66551226464616","99.05882352941177"
"1","431","500","12","11","75","82","47","4.905043106736858","8.5","""99379088""","99","100","99.5","0.7071067811865476","99"
"1","432","500","12","11","75","82","47","4.905043106736858","8.5","""900030749""","99.0909090909091","100","99.54545454545455","0.6428243465332232","99.0909090909091"
"1","433","500","12","11","75","82","47","4.905043106736858","8.5","""1617056705""","99","100","99.5","0.7071067811865476","99"
"1","434","500","12","11","75","82","47","4.905043106736858","8.5","""674401269""","99","100","99.5","0.7071067811865476","99"
"1","435","500","12","11","75","82","47","4.905043106736858","8.5","""1998981638""","99.0909090909091","100","99.54545454545455","0.6428243465332232","99.0909090909091"
"1","436","500","12","11","75","82","47","4.905043106736858","8.5","""910688871""","99","100","99.5","0.7071067811865476","99"
"1","437","500","12","11","75","82","47","4.905043106736858","8.5","""556132686""","99","100","99.5","0.7071067811865476","99"
"1","438","500","12","11","75","82","47","4.905043106736858","8.5","""-1015001078""","99","100","99.5","0.7071067811865476","99"
"1","439","500","12","11","75","82","47","4.905043106736858","8.5","""157438601""","99","100","99.5","0.7071067811865476","99"
"1","440","500","12","11","75","82","47","4.905043106736858","8.5","""35732469""","99","100","99.5","0.7071067811865476","99"
"1","441","500","17","91","44","87","449","2.7726253147173265","7","""949332526""","99","100","99.5","0.7071067811865476","99"
"1","442","500","17","91","44","87","449","2.7726253147173265","7","""-1884450246""","99","100","99.5","0.7071067811865476","99"
"1","443","500","17","91","44","87","449","2.7726253147173265","7","""1536272061""","99","100","99.5","0.7071067811865476","99"
"1","444","500","17","91","44","87","449","2.7726253147173265","7","""-1737613972""","99","100","99.5","0.7071067811865476","99"
"1","445","500","17","91","44","87","449","2.7726253147173265","7","""-563735476""","99","100","99.5","0.7071067811865476","99"
"1","446","500","17","91","44","87","449","2.7726253147173265","7","""1544038628""","99.01098901098901","100","99.50549450549451","0.6993363769976869","99.01098901098901"
"1","447","500","17","91","44","87","449","2.7726253147173265","7","""604187419""","99","100","99.5","0.7071067811865476","99"
"1","448","500","17","91","44","87","449","2.7726253147173265","7","""1209287795""","99.01098901098901","100","99.50549450549451","0.6993363769976869","99.01098901098901"
"1","449","500","17","91","44","87","449","2.7726253147173265","7","""824909242""","99","100","99.5","0.7071067811865476","99"
"1","450","500","17","91","44","87","449","2.7726253147173265","7","""1274269176""","99.03296703296704","100","99.51648351648352","0.6837955686199556","99.03296703296704"
"1","451","500","34","1","8","66","30","2.455379568169681","7.2","""-596571962""","99","100","99.5","0.7071067811865476","99"
"1","452","500","34","1","8","66","30","2.455379568169681","7.2","""-992821958""","99","100","99.5","0.7071067811865476","99"
"1","453","500","34","1","8","66","30","2.455379568169681","7.2","""-876698688""","99","100","99.5","0.7071067811865476","99"
"1","454","500","34","1","8","66","30","2.455379568169681","7.2","""1561000428""","99","100","99.5","0.7071067811865476","99"
"1","455","500","34","1","8","66","30","2.455379568169681","7.2","""1708632904""","99","100","99.5","0.7071067811865476","99"
"1","456","500","34","1","8","66","30","2.455379568169681","7.2","""-1386890534""","99","100","99.5","0.7071067811865476","99"
"1","457","500","34","1","8","66","30","2.455379568169681","7.2","""-1694594942""","99","100","99.5","0.7071067811865476","99"
"1","458","500","34","1","8","66","30","2.455379568169681","7.2","""779565589""","99","100","99.5","0.7071067811865476","99"
"1","459","500","34","1","8","66","30","2.455379568169681","7.2","""-1583222418""","99","100","99.5","0.7071067811865476","99"
"1","460","500","34","1","8","66","30","2.455379568169681","7.2","""-799507284""","99","100","99.5","0.7071067811865476","99"
"1","461","500","13","14","67","0","426","3.2850934615091174","0.7000000000000001","""-425309145""","99","100","99.5","0.7071067811865476","99"
"1","462","500","13","14","67","0","426","3.2850934615091174","0.7000000000000001","""1574480420""","99","100","99.5","0.7071067811865476","99"
"1","463","500","13","14","67","0","426","3.2850934615091174","0.7000000000000001","""-844810152""","99","100","99.5","0.7071067811865476","99"
"1","464","500","13","14","67","0","426","3.2850934615091174","0.7000000000000001","""-1765128718""","99","100","99.5","0.7071067811865476","99"
"1","465","500","13","14","67","0","426","3.2850934615091174","0.7000000000000001","""215156754""","99","100","99.5","0.7071067811865476","99"
"1","466","500","13","14","67","0","426","3.2850934615091174","0.7000000000000001","""18299182""","99","100","99.5","0.7071067811865476","99"
"1","467","500","13","14","67","0","426","3.2850934615091174","0.7000000000000001","""-118237446""","99","100","99.5","0.7071067811865476","99"
"1","468","500","13","14","67","0","426","3.2850934615091174","0.7000000000000001","""-593003081""","99","100","99.5","0.7071067811865476","99"
"1","469","500","13","14","67","0","426","3.2850934615091174","0.7000000000000001","""71072525""","99","100","99.5","0.7071067811865476","99"
"1","470","500","13","14","67","0","426","3.2850934615091174","0.7000000000000001","""1990782004""","99","100","99.5","0.7071067811865476","99"
"1","471","500","36","98","88","34","191","2.550934615091173","0.8","""1706850354""","99.01020408163265","100","99.50510204081633","0.6998914058683191","99.01020408163265"
"1","472","500","36","98","88","34","191","2.550934615091173","0.8","""1906288698""","99.04166666666667","100","99.52083333333334","0.6776439986371047","99.04166666666667"
"1","473","500","36","98","88","34","191","2.550934615091173","0.8","""-1308004442""","99.03061224489795","100","99.51530612244898","0.6854606552318622","99.03061224489795"
"1","474","500","36","98","88","34","191","2.550934615091173","0.8","""-388606866""","99.0204081632653","100","99.51020408163265","0.6926760305500906","99.0204081632653"
"1","475","500","36","98","88","34","191","2.550934615091173","0.8","""-1315590273""","99.04081632653062","100","99.5204081632653","0.6782452799136238","99.04081632653062"
"1","476","500","36","98","88","34","191","2.550934615091173","0.8","""433578407""","99.0204081632653","100","99.51020408163265","0.6926760305500906","99.0204081632653"
"1","477","500","36","98","88","34","191","2.550934615091173","0.8","""-1483688339""","99.03061224489795","100","99.51530612244898","0.6854606552318622","99.03061224489795"
"1","478","500","36","98","88","34","191","2.550934615091173","0.8","""-1064396380""","99","100","99.5","0.7071067811865476","99"
"1","479","500","36","98","88","34","191","2.550934615091173","0.8","""-1123683480""","99.01020408163265","100","99.50510204081633","0.6998914058683191","99.01020408163265"
"1","480","500","36","98","88","34","191","2.550934615091173","0.8","""668055131""","99.0204081632653","100","99.51020408163265","0.6926760305500906","99.0204081632653"
"1","481","500","10","69","89","63","140","1.7379690241855499","1.6","""655964810""","99","100","99.5","0.7071067811865476","99"
"1","482","500","10","69","89","63","140","1.7379690241855499","1.6","""-1509331488""","99.01449275362319","100","99.5072463768116","0.6968588568215257","99.01449275362319"
"1","483","500","10","69","89","63","140","1.7379690241855499","1.6","""1096164422""","99.01449275362319","100","99.5072463768116","0.6968588568215257","99.01449275362319"
"1","484","500","10","69","89","63","140","1.7379690241855499","1.6","""-865471327""","99","100","99.5","0.7071067811865476","99"
"1","485","500","10","69","89","63","140","1.7379690241855499","1.6","""-293524803""","99.01449275362319","100","99.5072463768116","0.6968588568215257","99.01449275362319"
"1","486","500","10","69","89","63","140","1.7379690241855499","1.6","""-409774458""","99","100","99.5","0.7071067811865476","99"
"1","487","500","10","69","89","63","140","1.7379690241855499","1.6","""2043698947""","99.01449275362319","100","99.5072463768116","0.6968588568215257","99.01449275362319"
"1","488","500","10","69","89","63","140","1.7379690241855499","1.6","""-1247979574""","99.02898550724638","100","99.51449275362319","0.6866109324565038","99.02898550724638"
"1","489","500","10","69","89","63","140","1.7379690241855499","1.6","""-597396300""","99","100","99.5","0.7071067811865476","99"
"1","490","500","10","69","89","63","140","1.7379690241855499","1.6","""-2045159475""","99.01449275362319","100","99.5072463768116","0.6968588568215257","99.01449275362319"
"1","491","500","20","20","92","54","18","1.5499992370489055","4.2","""1491081342""","99.1","100","99.55","0.6363961030678968","99.1"
"1","492","500","20","20","92","54","18","1.5499992370489055","4.2","""-1444587469""","99","100","99.5","0.7071067811865476","99"
"1","493","500","20","20","92","54","18","1.5499992370489055","4.2","""-744568627""","99","100","99.5","0.7071067811865476","99"
"1","494","500","20","20","92","54","18","1.5499992370489055","4.2","""-1569008959""","99","100","99.5","0.7071067811865476","99"
"1","495","500","20","20","92","54","18","1.5499992370489055","4.2","""676907810""","99","100","99.5","0.7071067811865476","99"
"1","496","500","20","20","92","54","18","1.5499992370489055","4.2","""-2063199442""","99.05","100","99.525","0.6717514421272222","99.05"
"1","497","500","20","20","92","54","18","1.5499992370489055","4.2","""-1978002368""","99","100","99.5","0.7071067811865476","99"
"1","498","500","20","20","92","54","18","1.5499992370489055","4.2","""1759363245""","99","100","99.5","0.7071067811865476","99"
"1","499","500","20","20","92","54","18","1.5499992370489055","4.2","""1103685833""","99","100","99.5","0.7071067811865476","99"
"1","500","500","20","20","92","54","18","1.5499992370489055","4.2","""787885868""","99","100","99.5","0.7071067811865476","99"
